u_sn,job_name,hp_bonus,p_atk_bonus,m_atk_bonus,p_def_bonus,m_def_bonus,eva_rate_bonus,crit_rate_bonus,crit_damage_rate_bonus,speed_bonus,fire_res_rate_bonus,frost_res_rate_bonus,lightning_res_rate_bonus,wind_res_rate_bonus,nature_res_rate_bonus,light_res_rate_bonus,dark_res_rate_bonus
job01,戰士,10%,5%,,5%,,,,,,,,,,,,
job02,魔法師,,,15%,,5%,,,,,,,,,,,
job03,遊蕩者,,,,,,10%,10%,,1,,,,,,,
job04,牧師,5%,,5%,5%,5%,,,,,,,,,,,
job05,鍊金士,,5%,5%,,,,,25%,,,,,,,,
job06,角鬥士,15%,10%,,,5%,,10%,20%,1,,,,,,,
job07,魔導師,,,25%,,5%,,,,,5%,5%,5%,5%,,,
job08,遊俠,5%,10%,,,,15%,20%,30%,2,,,,,5%,,
job09,祭司長,10%,5%,20%,5%,10%,,,,,,,,,,,20%
job10,賢者,5%,15%,15%,,,,15%,30%,,,,,,5%,5%,
job11,魔劍士,,,,,,,,,,,,,,,,
job12,大劍師,,,,,,,,,,,,,,,,
job13,聖騎士,,,,,,,,,,,,,,,,
job14,工匠,,,,,,,,,,,,,,,,
job15,吟遊詩人,,,,,,,,,,,,,,,,
job16,靈能使,,,,,,,,,,,,,,,,
job17,咒術師,,,,,,,,,,,,,,,,
job18,審判官,,,,,,,,,,,,,,,,
job19,暗殺者,,,,,,,,,,,,,,,,
job20,巫醫,,,,,,,,,,,,,,,,
job21,冠軍勇士,,,,,,,,,,,,,,,,
job22,魔導精靈使,,,,,,,,,,,,,,,,
job23,狩魔獵人,,,,,,,,,,,,,,,,
job24,樞機神使,,,,,,,,,,,,,,,,
job25,創生秘術師,,,,,,,,,,,,,,,,
job26,奧術騎士,,,,,,,,,,,,,,,,
job27,劍聖,,,,,,,,,,,,,,,,
job28,聖光軍團長,,,,,,,,,,,,,,,,
job29,符文鍛造者,,,,,,,,,,,,,,,,
job30,命運織者,,,,,,,,,,,,,,,,
job31,真理導師,,,,,,,,,,,,,,,,
job32,妖術領主,,,,,,,,,,,,,,,,
job33,斷罪裁決官,,,,,,,,,,,,,,,,
job34,暗刃刺客,,,,,,,,,,,,,,,,
job35,綴命祭祀,,,,,,,,,,,,,,,,