u_sn,job_name,per_level_str,per_level_int,per_level_agi,per_level_vit,per_level_luk
job01,戰士,1,,1,1,
job02,魔法師,,2,,,1
job03,遊蕩者,,,2,,1
job04,牧師,,1,1,1,
job05,鍊金士,1,1,,,1
job06,角鬥士,2,,1,2,
job07,魔導師,,3,1,,1
job08,遊俠,1,,2,,2
job09,祭司長,,2,1,2,
job10,賢者,1,2,1,,1
job11,魔劍士,2,2,,1,
job12,大劍師,2,,2,,1
job13,聖騎士,2,1,,2,
job14,工匠,2,,,2,1
job15,吟遊詩人,1,2,1,,1
job16,靈能使,,3,1,1,
job17,咒術師,,2,1,1,1
job18,審判官,2,,2,1,
job19,暗殺者,1,,2,,2
job20,巫醫,1,2,1,1,
job21,冠軍勇士,4,1,3,2,
job22,魔導精靈使,,5,2,1,2
job23,狩魔獵人,3,,4,1,2
job24,樞機神使,,4,2,2,2
job25,創生秘術師,2,4,1,2,1
job26,奧術騎士,3,3,1,2,1
job27,劍聖,5,,3,1,1
job28,聖光軍團長,3,1,2,4,
job29,符文鍛造者,3,1,1,3,2
job30,命運織者,2,3,2,1,2
job31,真理導師,,4,1,2,3
job32,妖術領主,,4,2,2,2
job33,斷罪裁決官,3,,4,2,1
job34,暗刃刺客,3,,3,,4
job35,綴命祭祀,1,3,1,3,2
