u_sn,job_name,job_e_name,required_desc,required_condition,required_job_1,required_job_1_level,required_job_2,required_job_2_level,job_desc
job01,戰士,Warrior,,0,,,,,精通多種武器，擅長肉搏的近戰職業。
job02,魔法師,Mage,,0,,,,,掌握元素魔力的施法者，可以造成大量傷害。
job03,遊蕩者,Rogue,,0,,,,,擅長靈活動作的機會主義者。
job04,牧師,Priest,,0,,,,,善於治療、補助增益的神職人員。
job05,鍊金士,Alchemist,,0,,,,,精通鍊金術，有多種戰鬥手段的學者。
job06,角鬥士,Gladiator,戰士LV.30,1,job01,30,,,
job07,魔導師,Archmage,魔法師LV.30,1,job02,30,,,
job08,遊俠,Ranger,遊蕩者LV.30,1,job03,30,,,
job09,祭司長,HighPriest,牧師LV.30,1,job04,30,,,
job10,賢者,Sage,鍊金士LV.30,1,job05,30,,,
job11,魔劍士,Spellsword,戰士LV.20+魔法師LV.20,2,job01,20,job02,20,
job12,大劍師,Swordmaster,戰士LV.20+遊蕩者LV.20,2,job01,20,job03,20,
job13,聖騎士,Paladin,戰士LV.20+牧師LV.20,2,job01,20,job04,20,
job14,工匠,Craftsman,戰士LV.20+鍊金士LV.20,2,job01,20,job05,20,
job15,吟遊詩人,Bard,魔法師LV.20+遊蕩者LV.20,2,job02,20,job03,20,
job16,靈能使,Psychic,魔法師LV.20+牧師LV.20,2,job02,20,job04,20,
job17,咒術師,Warlock,魔法師LV.20+鍊金士LV.20,2,job02,20,job05,20,
job18,審判官,Inquisitor,遊蕩者LV.20+牧師LV.20,2,job03,20,job04,20,
job19,暗殺者,Assassin,遊蕩者LV.20+鍊金士LV.20,2,job03,20,job05,20,
job20,巫醫,WitchDoctor,牧師LV.20+鍊金士LV.20,2,job04,20,job05,20,
job21,冠軍勇士,Champion,角鬥士LV.50,1,job06,50,,,
job22,魔導精靈使,MagusElementalist,魔導師LV.50,1,job07,50,,,
job23,狩魔獵人,Demon Hunter,遊俠LV.50,1,job08,50,,,
job24,樞機神使,CardinalEmissary,祭司長LV.50,1,job09,50,,,
job25,創生秘術師,GenesisMystic,賢者LV.50,1,job10,50,,,
job26,奧術騎士,ArcaneKnight,魔劍士LV.50,1,job11,50,,,
job27,劍聖,SwordSaint,大劍師LV.50,1,job12,50,,,
job28,聖光軍團長,LightCommander,聖騎士LV.50,1,job13,50,,,
job29,符文鍛造者,Runesmith,工匠LV.50,1,job14,50,,,
job30,命運織者,Fateweaver,吟遊詩人LV.50,1,job15,50,,,
job31,真理導師,TruthMentor,靈能使LV.50,1,job16,50,,,
job32,妖術領主,SorcererLord,咒術師LV.50,1,job17,50,,,
job33,斷罪裁決官,CondemningArbitrator,審判官LV.50,1,job18,50,,,
job34,暗刃刺客,UmbralStalker,暗殺者LV.50,1,job19,50,,,
job35,綴命祭祀,SoulstitchRitualist,巫醫LV.50,1,job20,50,,,