u_sn,rune_name,rune_e_name,rune_glyph,tier,category,color,rune_desc,trigger,calc_base,value_1,value_2,value_3,restriction,rule_detail
rune01,火炬之光,Kenaz,ᚲ,1,元素,#ff6a2b,造成傷害時，額外附加 50% 火焰魔法傷害,造成傷害時,魔攻×比例×技能倍率,50%,火焰,,書杖不可用,範圍技能對每個命中目標各算一次；與主傷害一起爆擊；受魔法減傷與火焰抗性影響；不連鎖觸發其他符文
rune02,霜之停滯,Isa,ᛁ,1,元素,#6fd8ff,造成傷害時，額外附加 50% 冰霜魔法傷害,造成傷害時,魔攻×比例×技能倍率,50%,冰霜,,書杖不可用,同火炬之光，元素為冰霜，受冰霜抗性影響
rune03,雷神之鎚,Hagalaz,ᚺ,1,元素,#ffe34d,造成傷害時，額外附加 50% 雷電魔法傷害,造成傷害時,魔攻×比例×技能倍率,50%,雷電,,書杖不可用,同火炬之光，元素為雷電，受雷電抗性影響
rune04,風之氣息,Ansuz,ᚨ,1,元素,#7be0c4,造成傷害時，額外附加 50% 風屬性魔法傷害,造成傷害時,魔攻×比例×技能倍率,50%,風,,書杖不可用,同火炬之光，元素為風（疾風），受風抗性影響
rune05,狼之野性,Uruz,ᚢ,1,輸出,#aebfdc,爆擊率 +20%，爆擊傷害 +100%,常駐,爆擊率、爆擊傷害（rate 類直接加算）,20%,100%,,,爆擊率與爆擊傷害皆為百分點直接加算；爆擊率無上限
rune06,紫杉之堅韌,Eihwaz,ᛇ,1,防禦,#d19a5c,物理減傷 +20%,常駐,物理減傷（rate 類直接加算）,20%,,,,計入物理減傷上限 80%（無敵除外）
rune07,山泉之意志,Nauthiz,ᚾ,1,防禦,#6f8fff,魔法減傷 +20%,常駐,魔法減傷（rate 類直接加算）,20%,,,,計入魔法減傷上限 80%（無敵除外）
rune08,戰神之榮耀,Tiwaz,ᛏ,2,輸出,#ffbf24,力量、敏捷、智力、幸運、體質各 +10%,常駐,基礎屬性（初始＋成長＋自由點數）,10%,,,,乘算在基礎屬性上，不含裝備與其他加成；結果為整數，至少 +1（無條件進位）
rune09,平衡之機會,Gebo,ᚷ,2,輸出,#e6e9f2,主屬性的一半加到另一邊（主屬性不變）,常駐,物攻與魔攻的最終面板值,50%,,,,自動取物攻與魔攻較高者為主屬性，把它的 50% 加到較低者；以所有加成後的最終面板值計算；兩邊一樣高不加；較低者加完後不得高於另一邊；不限制武器
rune10,血之狂喜,Wunjo,ᚹ,2,生存,#e0183c,造成傷害時，吸收實際傷害的 25% 轉為生命,造成傷害時,實際造成的傷害（減傷後，含元素符文追加傷害）,25%,,,,範圍技能取所有目標傷害加總；僅主動造成的傷害，荊棘反彈、熊之力量濺射、鴉之旅程、延遲傷害都不算；溢出作廢；禁療時無效；屬於回復，不算治療，不觸發鹿之守護與月之淨化
rune11,荊棘之皇冠,Thurisaz,ᚦ,2,反擊,#9fd13f,受到傷害時，反彈 50% 的傷害給來源（真實傷害）,受到傷害時,實際受到的傷害（減傷後）,50%,真實傷害,,,延遲效果（如中毒）不算；不連鎖觸發其他符文；對 Boss 目前不設上限，之後視實測調整
rune12,鴉之旅程,Raidho,ᚱ,2,輸出,#8d7cc4,對有負面效果的敵人，額外造成 50% 真實傷害,造成傷害時,實際造成的傷害（減傷後）,50%,真實傷害,,,目標身上有任一負面狀態才生效；範圍技能各目標各算各的；不連鎖
rune13,夢靨之預兆,Mannaz,ᛗ,2,控場,#e04fb8,造成傷害時，30% 機率對受傷者施加隨機負面狀態 3 回合,造成傷害時,機率判定,30%,3,,,隨機池（等機率，共 14 個選項）：中毒、遲鈍、目盲、混亂、睡眠、麻痺、封禁、破甲、弱魔、識破、衰弱、失神、弱點標記、脆弱、元素詛咒（抽中後再隨機一種元素）；排除猛毒、石化、狂暴、神聖領域；對該狀態免疫則無效不重抽；已有同狀態則刷新持續時間；範圍技能各目標各自判定；僅主動傷害觸發；不做命中或抗性判定；持續以持有者行動次數計
rune14,太陽之照耀,Sowilo,ᛊ,2,輔助,#fff0a0,施放增益效果時，賦予自身輝煌：力量與智力 +30%，持續 5 回合,施放增益時,基礎力量與智力,30%,5,,,僅自己主動施放的增益技能（對自己或隊友）才算；符文、被動、他人給的增益不算；輝煌本身不觸發；再次觸發刷新持續時間，不疊加；只有施放者獲得輝煌；可被驅散
rune15,月之淨化,Cweorð,ᛢ,2,輔助,#9fb4ff,造成主動治療時，以治療總量的 50% 對隨機敵人造成真實傷害,造成治療時,治療總量（計算出的數字，非實際回復量，溢出也算）,50%,真實傷害,,,範圍治療為所有目標治療數字加總；隨機一名存活敵人；一次技能只觸發一次；吸血、護盾轉化、被動回復不算；禁療時不觸發；鷹之勇氣或命運之輪追加的治療技能算主動治療；不連鎖
rune16,鹿之守護,Algiz,ᛉ,3,生存,#7dffa8,造成主動治療時，將治療量的 50% 轉為生命守護護盾,造成治療時,治療量（待確認：計算值或實際回復量）,50%,30%,,,生命守護吸收減傷後的實際傷害；可疊加，上限為自身最大生命的 30%；與護盾狀態（物理減傷）不同；吸血與被動回復不算
rune17,先祖之鄉,Othala,ᛟ,3,生存,#ffd76a,每場戰鬥一次，死亡後以 50% 生命復活,死亡時,最大生命,50%,1,,,每人各自一次；復活時清除所有負面狀態，保留其他符文效果（如龍之怒衰減照常）；同一次傷害的剩餘部分作廢；護盾先抵擋，吸收完仍致死才觸發；觸發當下荊棘不反彈；墓之土自損致死也會觸發
rune18,龍之怒,Fehu,ᚠ,3,輸出,#ff4a3a,戰鬥開始時物攻、魔攻 +50%，每回合 −5%，降至 +20% 後不再降低,戰鬥開始,基礎物攻與魔攻,50%,5%,20%,,v1 起始加成、v2 每回合衰減（百分點）、v3 下限；以全場回合計；乘算在基礎攻擊上，於平衡之機會之前結算；每場戰鬥重新計算；不可驅散
rune19,鷹之勇氣,Jera,ᛃ,3,輸出,#e8a640,造成傷害時，30% 機率再發動一次相同的技能（或普攻）,造成傷害時,機率判定,30%,,,,追加的那次完整重放（重新判定爆擊與浮動，會觸發其他符文）；追加的那次不再觸發鷹之勇氣與命運之輪；不消耗 MP、冷卻、道具與行動；鎖定原目標，原目標死亡則改打隨機存活目標；範圍技能重新套用原範圍；於原技能結算完後判定
rune20,命運之輪,Perthro,ᛈ,3,輸出,#d36cff,發動技能時，50% 機率額外隨機發動一個自己學過的技能,施放技能時,機率判定,50%,,,,完全隨機，不過濾，可抽到治療、增益、弱技能或與原技能相同的技能；池為已學會的主動技能，不含被動與普攻，並排除復活、終極技、需前置條件的技能；不消耗資源與行動；完整施放會觸發其他符文；追加的技能不再觸發命運之輪與鷹之勇氣；目標依該技能規則，無合法目標則落空
rune21,啟示之書,Dagaz,ᛞ,3,輸出,#3fe6ff,連續三回合都有主動施放魔法傷害，施放魔力幽界波：對敵方全體造成魔攻 2 倍的傷害,連續3回合魔法傷害,魔攻,200%,3,,只限書與杖,魔力幽界波傷害類型預設為真實傷害（待確認：真實或無屬性魔法傷害）；連續三回合每回合都需主動施放造成傷害的魔法技能；普攻、物理技能、治療、增益、追加技能不算；一回合施放多個魔法只算一回合；任一回合中斷計數歸零；施放後計數歸零；不消耗資源；不觸發其他符文；每場戰鬥重置
rune22,熊之力量,Ehwaz,ᛖ,3,反擊,#c08050,造成傷害的 30% 濺射給全部敵人（真實傷害）,造成傷害時,實際造成的傷害（減傷後，含元素符文追加傷害）,30%,真實傷害,,,範圍技能先把所有目標的傷害加總，再以 30% 對每個存活敵人（包含目標本身）各造成一次；不連鎖；無上限
rune23,石之正義,Ingwaz,ᛜ,3,控場,#b3b3a6,受到傷害時，20% 機率石化攻擊者 5 回合,受到傷害時,機率判定,20%,5,80%,,石化：無法行動，受到的傷害固定減免 80%（獨立計算，不受 80% 減傷上限，真實傷害無視）；只有直接傷害觸發，延遲傷害、荊棘反彈、熊之力量濺射不算；對石化免疫則無效；已石化不刷新；持續以石化者行動次數計；算負面狀態（鴉之旅程生效）
rune24,羊之新生,Berkano,ᛒ,3,輸出,#f0b27a,物理減傷同時加成為物理傷害，魔法減傷同時加成為魔法傷害,常駐,物理減傷與魔法減傷,100%,80%,,,轉換比例 1:1（減傷 30% = 傷害 +30%）；原減傷保留；傷害加成上限 80%；所有來源的減傷都算，動態計算；魔法傷害加成同樣作用於元素符文的追加傷害；真實傷害不吃加成；石化的固定減傷不算
rune25,水之幽暗,Laguz,ᛚ,3,輸出,#a463ff,每次造成爆擊傷害，額外對隨機一名敵人造成 200% 暗屬性傷害,造成爆擊時,物攻與魔攻中較高者,200%,暗屬性,,,隨機一名存活敵人，可能包含原目標；暗屬性魔法傷害，受魔法減傷與暗屬性抗性影響；這筆傷害本身不再爆擊、不連鎖；每次爆擊命中觸發一次，範圍技能每個爆擊目標各觸發一次；鷹之勇氣、命運之輪追加的技能爆擊也會觸發
rune26,墓之土,Ear,ᛠ,3,反擊,#a6896a,每次主動攻擊或技能造成傷害，失去最大生命 5%，對全體敵人造成失去量 2 倍的真實傷害,造成傷害時,最大生命,5%,200%,真實傷害,,順序：主傷害 → 血之狂喜吸血 → 扣生命 → 全體真實傷害；扣生命為直接扣除，無視減傷，不被生命守護吸收，不算受到傷害（不觸發荊棘、石之正義）；扣生命致死時真實傷害仍會發出，有先祖之鄉則觸發復活；每次技能只觸發一次；鷹之勇氣、命運之輪追加的技能也會觸發；不連鎖；真實傷害不爆擊不浮動；對 Boss 目前不設上限
