weapon_u_sn,weapon_name,tier,rune_1,rune_2,rune_3,rune_1_name,rune_2_name,rune_3_name
weapon01,劍,1,rune01,rune10,rune05,火炬之光,血之狂喜,狼之野性
weapon01,劍,2,rune19,rune11,rune09,鷹之勇氣,荊棘之皇冠,平衡之機會
weapon01,劍,3,rune18,rune08,rune14,龍之怒,戰神之榮耀,太陽之照耀
weapon02,斧,1,rune03,rune06,rune05,雷神之鎚,紫杉之堅韌,狼之野性
weapon02,斧,2,rune10,rune08,rune26,血之狂喜,戰神之榮耀,墓之土
weapon02,斧,3,rune22,rune17,rune18,熊之力量,先祖之鄉,龍之怒
weapon03,匕,1,rune26,rune04,rune13,墓之土,風之氣息,夢靨之預兆
weapon03,匕,2,rune25,rune19,rune05,水之幽暗,鷹之勇氣,狼之野性
weapon03,匕,3,rune20,rune18,rune12,命運之輪,龍之怒,鴉之旅程
weapon04,弓,1,rune04,rune05,rune01,風之氣息,狼之野性,火炬之光
weapon04,弓,2,rune19,rune10,rune08,鷹之勇氣,血之狂喜,戰神之榮耀
weapon04,弓,3,rune22,rune12,rune09,熊之力量,鴉之旅程,平衡之機會
weapon05,槍,1,rune02,rune07,rune06,霜之停滯,山泉之意志,紫杉之堅韌
weapon05,槍,2,rune14,rune11,rune24,太陽之照耀,荊棘之皇冠,羊之新生
weapon05,槍,3,rune23,rune17,rune16,石之正義,先祖之鄉,鹿之守護
weapon06,錘,1,rune03,rune02,rune07,雷神之鎚,霜之停滯,山泉之意志
weapon06,錘,2,rune24,rune22,rune15,羊之新生,熊之力量,月之淨化
weapon06,錘,3,rune23,rune14,rune20,石之正義,太陽之照耀,命運之輪
weapon07,杖,1,rune05,rune06,rune07,狼之野性,紫杉之堅韌,山泉之意志
weapon07,杖,2,rune08,rune16,rune09,戰神之榮耀,鹿之守護,平衡之機會
weapon07,杖,3,rune21,rune20,rune18,啟示之書,命運之輪,龍之怒
weapon08,書,1,rune13,rune05,rune06,夢靨之預兆,狼之野性,紫杉之堅韌
weapon08,書,2,rune12,rune16,rune15,鴉之旅程,鹿之守護,月之淨化
weapon08,書,3,rune21,rune25,rune20,啟示之書,水之幽暗,命運之輪
